{
  "app": "dotnet run --project src/Cdk/Cdk.csproj",
  "watch": {
    "include": [
      "**"
    ],
    "exclude": [
      "README.md",
      "cdk*.json",
      "src/*/obj",
      "src/*/bin",
      "src/*.sln",
      "src/*/GlobalSuppressions.cs",
      "src/*/*.csproj"
    ]
  },
  "context": {
    "@aws-cdk/aws-apigateway:usagePlanKeyOrderInsensitiveId": true,
    "@aws-cdk/core:stackRelativeExports": true,
    "@aws-cdk/aws-rds:lowercaseDbIdentifier": true,
    "@aws-cdk/aws-lambda:recognizeVersionProps": true,
    "@aws-cdk/aws-lambda:recognizeLayerVersion": true,
    "@aws-cdk/aws-cloudfront:defaultSecurityPolicyTLSv1.2_2021": true,
    "@aws-cdk-containers/ecs-service-extensions:enableDefaultLogDriver": true,
    "@aws-cdk/aws-ec2:uniqueImdsv2TemplateName": true,
    "@aws-cdk/core:checkSecretUsage": true,
    "@aws-cdk/aws-iam:minimizePolicies": true,
    "@aws-cdk/core:validateSnapshotRemovalPolicy": true,
    "@aws-cdk/aws-codepipeline:crossAccountKeyAliasStackSafeResourceName": true,
    "@aws-cdk/core:target-partitions": [
      "aws",
      "aws-cn"
    ]
  }
}
