[{"metricsType":"CTA","language":null,"metricName":"Namespace","reference":"MediaLibrary","solutionPath":"9ff58ce3a6abe2f4fd6fbb2e723d20f0f330460ea526f88ff048748753a59c0b"},{"metricsType":"CTA","language":null,"metricName":"Namespace","reference":"System.Web.Optimization","solutionPath":"9ff58ce3a6abe2f4fd6fbb2e723d20f0f330460ea526f88ff048748753a59c0b"},{"metricsType":"CTA","language":null,"metricName":"Namespace","reference":"System.Web.Mvc","solutionPath":"9ff58ce3a6abe2f4fd6fbb2e723d20f0f330460ea526f88ff048748753a59c0b"},{"metricsType":"CTA","language":null,"metricName":"Namespace","reference":"System.Web.Routing","solutionPath":"9ff58ce3a6abe2f4fd6fbb2e723d20f0f330460ea526f88ff048748753a59c0b"},{"metricsType":"CTA","language":null,"metricName":"Namespace","reference":"Amazon.SimpleSystemsManagement","solutionPath":"9ff58ce3a6abe2f4fd6fbb2e723d20f0f330460ea526f88ff048748753a59c0b"},{"metricsType":"CTA","language":null,"metricName":"Namespace","reference":"System.Threading.Tasks","solutionPath":"9ff58ce3a6abe2f4fd6fbb2e723d20f0f330460ea526f88ff048748753a59c0b"},{"metricsType":"CTA","language":null,"metricName":"Namespace","reference":"Amazon.SimpleSystemsManagement.Model","solutionPath":"9ff58ce3a6abe2f4fd6fbb2e723d20f0f330460ea526f88ff048748753a59c0b"},{"metricsType":"CTA","language":null,"metricName":"Namespace","reference":"System","solutionPath":"9ff58ce3a6abe2f4fd6fbb2e723d20f0f330460ea526f88ff048748753a59c0b"},{"metricsType":"CTA","language":null,"metricName":"Namespace","reference":"MediaLibrary.Controllers","solutionPath":"9ff58ce3a6abe2f4fd6fbb2e723d20f0f330460ea526f88ff048748753a59c0b"},{"metricsType":"CTA","language":null,"metricName":"Namespace","reference":"MediaLibrary.Services","solutionPath":"9ff58ce3a6abe2f4fd6fbb2e723d20f0f330460ea526f88ff048748753a59c0b"},{"metricsType":"CTA","language":null,"metricName":"Namespace","reference":"System.Collections.Generic","solutionPath":"9ff58ce3a6abe2f4fd6fbb2e723d20f0f330460ea526f88ff048748753a59c0b"},{"metricsType":"CTA","language":null,"metricName":"Namespace","reference":"System.Web","solutionPath":"9ff58ce3a6abe2f4fd6fbb2e723d20f0f330460ea526f88ff048748753a59c0b"},{"metricsType":"CTA","language":null,"metricName":"Namespace","reference":"MediaLibrary.Models","solutionPath":"9ff58ce3a6abe2f4fd6fbb2e723d20f0f330460ea526f88ff048748753a59c0b"},{"metricsType":"CTA","language":null,"metricName":"Namespace","reference":"System.IO","solutionPath":"9ff58ce3a6abe2f4fd6fbb2e723d20f0f330460ea526f88ff048748753a59c0b"},{"metricsType":"CTA","language":null,"metricName":"Namespace","reference":"Amazon.Rekognition","solutionPath":"9ff58ce3a6abe2f4fd6fbb2e723d20f0f330460ea526f88ff048748753a59c0b"},{"metricsType":"CTA","language":null,"metricName":"Namespace","reference":"Amazon.Rekognition.Model","solutionPath":"9ff58ce3a6abe2f4fd6fbb2e723d20f0f330460ea526f88ff048748753a59c0b"},{"metricsType":"CTA","language":null,"metricName":"Namespace","reference":"System.Linq","solutionPath":"9ff58ce3a6abe2f4fd6fbb2e723d20f0f330460ea526f88ff048748753a59c0b"},{"metricsType":"CTA","language":null,"metricName":"Namespace","reference":"Amazon.DynamoDBv2.DataModel","solutionPath":"9ff58ce3a6abe2f4fd6fbb2e723d20f0f330460ea526f88ff048748753a59c0b"},{"metricsType":"CTA","language":null,"metricName":"Namespace","reference":"Amazon.DynamoDBv2","solutionPath":"9ff58ce3a6abe2f4fd6fbb2e723d20f0f330460ea526f88ff048748753a59c0b"},{"metricsType":"CTA","language":null,"metricName":"Namespace","reference":"Amazon.DynamoDBv2.DocumentModel","solutionPath":"9ff58ce3a6abe2f4fd6fbb2e723d20f0f330460ea526f88ff048748753a59c0b"},{"metricsType":"CTA","language":null,"metricName":"Namespace","reference":"Amazon.S3","solutionPath":"9ff58ce3a6abe2f4fd6fbb2e723d20f0f330460ea526f88ff048748753a59c0b"},{"metricsType":"CTA","language":null,"metricName":"Namespace","reference":"Amazon","solutionPath":"9ff58ce3a6abe2f4fd6fbb2e723d20f0f330460ea526f88ff048748753a59c0b"},{"metricsType":"CTA","language":null,"metricName":"Namespace","reference":"Amazon.S3.Transfer","solutionPath":"9ff58ce3a6abe2f4fd6fbb2e723d20f0f330460ea526f88ff048748753a59c0b"},{"metricsType":"CTA","language":null,"metricName":"Namespace","reference":"Amazon.Runtime.SharedInterfaces","solutionPath":"9ff58ce3a6abe2f4fd6fbb2e723d20f0f330460ea526f88ff048748753a59c0b"},{"metricsType":"CTA","language":null,"metricName":"Namespace","reference":"System.Reflection","solutionPath":"9ff58ce3a6abe2f4fd6fbb2e723d20f0f330460ea526f88ff048748753a59c0b"},{"metricsType":"CTA","language":null,"metricName":"Namespace","reference":"System.Runtime.CompilerServices","solutionPath":"9ff58ce3a6abe2f4fd6fbb2e723d20f0f330460ea526f88ff048748753a59c0b"},{"metricsType":"CTA","language":null,"metricName":"Namespace","reference":"System.Runtime.InteropServices","solutionPath":"9ff58ce3a6abe2f4fd6fbb2e723d20f0f330460ea526f88ff048748753a59c0b"},{"metricsType":"CTA","language":null,"metricName":"Namespace","reference":"Amazon.XRay.Recorder.Core","solutionPath":"9ff58ce3a6abe2f4fd6fbb2e723d20f0f330460ea526f88ff048748753a59c0b"},{"metricsType":"CTA","language":null,"metricName":"Namespace","reference":"project.all","solutionPath":"9ff58ce3a6abe2f4fd6fbb2e723d20f0f330460ea526f88ff048748753a59c0b"},{"metricsType":"CTA","language":null,"metricName":"Namespace","reference":"MediaLibrary.Tests.Controllers","solutionPath":"9ff58ce3a6abe2f4fd6fbb2e723d20f0f330460ea526f88ff048748753a59c0b"},{"metricsType":"CTA","language":null,"metricName":"Namespace","reference":"Microsoft.VisualStudio.TestTools.UnitTesting","solutionPath":"9ff58ce3a6abe2f4fd6fbb2e723d20f0f330460ea526f88ff048748753a59c0b"},{"metricsType":"CTA","language":null,"metricName":"Namespace","reference":"System.Text","solutionPath":"9ff58ce3a6abe2f4fd6fbb2e723d20f0f330460ea526f88ff048748753a59c0b"},{"metricsType":"CTA","language":null,"metricName":"RulesFile","downloadedFile":"project.all.json","solutionPath":"9ff58ce3a6abe2f4fd6fbb2e723d20f0f330460ea526f88ff048748753a59c0b"},{"metricsType":"CTA","language":null,"metricName":"RulesFile","downloadedFile":"system.web.json","solutionPath":"9ff58ce3a6abe2f4fd6fbb2e723d20f0f330460ea526f88ff048748753a59c0b"},{"metricsType":"CTA","language":null,"metricName":"RulesFile","downloadedFile":"system.web.mvc.json","solutionPath":"9ff58ce3a6abe2f4fd6fbb2e723d20f0f330460ea526f88ff048748753a59c0b"},{"metricsType":"CTA","language":"csharp","metricName":"TargetVersion","targetVersion":"net6.0","sourceVersion":"net48","solutionPath":"9ff58ce3a6abe2f4fd6fbb2e723d20f0f330460ea526f88ff048748753a59c0b","projectGuid":"8b1a53ca-3ed8-4398-9de7-368f445e75c8"},{"metricsType":"CTA","language":"csharp","metricName":"TargetVersion","targetVersion":"net6.0","sourceVersion":"net48","solutionPath":"9ff58ce3a6abe2f4fd6fbb2e723d20f0f330460ea526f88ff048748753a59c0b","projectGuid":"b380109f-49b4-4c60-811f-d8357d345b33"},{"metricsType":"CTA","language":"csharp","metricName":"TargetVersion","targetVersion":"net6.0","sourceVersion":"net48","solutionPath":"9ff58ce3a6abe2f4fd6fbb2e723d20f0f330460ea526f88ff048748753a59c0b","projectGuid":"b380109f-49b4-4c60-811f-d8357d345b33"},{"metricsType":"CTA","language":"csharp","metricName":"TargetVersion","targetVersion":"net6.0","sourceVersion":"net48","solutionPath":"9ff58ce3a6abe2f4fd6fbb2e723d20f0f330460ea526f88ff048748753a59c0b","projectGuid":"8b1a53ca-3ed8-4398-9de7-368f445e75c8"}]