[{"metricsType":"CTA","language":null,"metricName":"Namespace","reference":"MLIntegration","solutionPath":"18ecc09836f012574d83dad9e8d3253a83dec5686a2e1809e23410403f1a3753"},{"metricsType":"CTA","language":null,"metricName":"Namespace","reference":"Amazon.SimpleSystemsManagement","solutionPath":"18ecc09836f012574d83dad9e8d3253a83dec5686a2e1809e23410403f1a3753"},{"metricsType":"CTA","language":null,"metricName":"Namespace","reference":"System.Threading.Tasks","solutionPath":"18ecc09836f012574d83dad9e8d3253a83dec5686a2e1809e23410403f1a3753"},{"metricsType":"CTA","language":null,"metricName":"Namespace","reference":"Amazon.SimpleSystemsManagement.Model","solutionPath":"18ecc09836f012574d83dad9e8d3253a83dec5686a2e1809e23410403f1a3753"},{"metricsType":"CTA","language":null,"metricName":"Namespace","reference":"System","solutionPath":"18ecc09836f012574d83dad9e8d3253a83dec5686a2e1809e23410403f1a3753"},{"metricsType":"CTA","language":null,"metricName":"Namespace","reference":"MLIntegration.Controllers","solutionPath":"18ecc09836f012574d83dad9e8d3253a83dec5686a2e1809e23410403f1a3753"},{"metricsType":"CTA","language":null,"metricName":"Namespace","reference":"Microsoft.AspNetCore.Mvc","solutionPath":"18ecc09836f012574d83dad9e8d3253a83dec5686a2e1809e23410403f1a3753"},{"metricsType":"CTA","language":null,"metricName":"Namespace","reference":"MLIntegration.Services","solutionPath":"18ecc09836f012574d83dad9e8d3253a83dec5686a2e1809e23410403f1a3753"},{"metricsType":"CTA","language":null,"metricName":"Namespace","reference":"Microsoft.Extensions.Logging","solutionPath":"18ecc09836f012574d83dad9e8d3253a83dec5686a2e1809e23410403f1a3753"},{"metricsType":"CTA","language":null,"metricName":"Namespace","reference":"System.Collections.Generic","solutionPath":"18ecc09836f012574d83dad9e8d3253a83dec5686a2e1809e23410403f1a3753"},{"metricsType":"CTA","language":null,"metricName":"Namespace","reference":"Microsoft.AspNetCore.Http","solutionPath":"18ecc09836f012574d83dad9e8d3253a83dec5686a2e1809e23410403f1a3753"},{"metricsType":"CTA","language":null,"metricName":"Namespace","reference":"System.Net","solutionPath":"18ecc09836f012574d83dad9e8d3253a83dec5686a2e1809e23410403f1a3753"},{"metricsType":"CTA","language":null,"metricName":"Namespace","reference":"MLIntegration.Models","solutionPath":"18ecc09836f012574d83dad9e8d3253a83dec5686a2e1809e23410403f1a3753"},{"metricsType":"CTA","language":null,"metricName":"Namespace","reference":"System.IO","solutionPath":"18ecc09836f012574d83dad9e8d3253a83dec5686a2e1809e23410403f1a3753"},{"metricsType":"CTA","language":null,"metricName":"Namespace","reference":"System.Diagnostics","solutionPath":"18ecc09836f012574d83dad9e8d3253a83dec5686a2e1809e23410403f1a3753"},{"metricsType":"CTA","language":null,"metricName":"Namespace","reference":"Amazon.XRay.Recorder.Core","solutionPath":"18ecc09836f012574d83dad9e8d3253a83dec5686a2e1809e23410403f1a3753"},{"metricsType":"CTA","language":null,"metricName":"Namespace","reference":"Amazon.Rekognition","solutionPath":"18ecc09836f012574d83dad9e8d3253a83dec5686a2e1809e23410403f1a3753"},{"metricsType":"CTA","language":null,"metricName":"Namespace","reference":"Amazon.Rekognition.Model","solutionPath":"18ecc09836f012574d83dad9e8d3253a83dec5686a2e1809e23410403f1a3753"},{"metricsType":"CTA","language":null,"metricName":"Namespace","reference":"System.Linq","solutionPath":"18ecc09836f012574d83dad9e8d3253a83dec5686a2e1809e23410403f1a3753"},{"metricsType":"CTA","language":null,"metricName":"Namespace","reference":"Amazon.DynamoDBv2.DataModel","solutionPath":"18ecc09836f012574d83dad9e8d3253a83dec5686a2e1809e23410403f1a3753"},{"metricsType":"CTA","language":null,"metricName":"Namespace","reference":"Amazon.DynamoDBv2","solutionPath":"18ecc09836f012574d83dad9e8d3253a83dec5686a2e1809e23410403f1a3753"},{"metricsType":"CTA","language":null,"metricName":"Namespace","reference":"Amazon.DynamoDBv2.DocumentModel","solutionPath":"18ecc09836f012574d83dad9e8d3253a83dec5686a2e1809e23410403f1a3753"},{"metricsType":"CTA","language":null,"metricName":"Namespace","reference":"Amazon.S3","solutionPath":"18ecc09836f012574d83dad9e8d3253a83dec5686a2e1809e23410403f1a3753"},{"metricsType":"CTA","language":null,"metricName":"Namespace","reference":"Amazon","solutionPath":"18ecc09836f012574d83dad9e8d3253a83dec5686a2e1809e23410403f1a3753"},{"metricsType":"CTA","language":null,"metricName":"Namespace","reference":"Amazon.S3.Transfer","solutionPath":"18ecc09836f012574d83dad9e8d3253a83dec5686a2e1809e23410403f1a3753"},{"metricsType":"CTA","language":null,"metricName":"Namespace","reference":"Amazon.Runtime.SharedInterfaces","solutionPath":"18ecc09836f012574d83dad9e8d3253a83dec5686a2e1809e23410403f1a3753"},{"metricsType":"CTA","language":null,"metricName":"Namespace","reference":"Microsoft.Extensions.Options","solutionPath":"18ecc09836f012574d83dad9e8d3253a83dec5686a2e1809e23410403f1a3753"},{"metricsType":"CTA","language":null,"metricName":"Namespace","reference":"Amazon.XRay.Recorder.Handlers.AwsSdk","solutionPath":"18ecc09836f012574d83dad9e8d3253a83dec5686a2e1809e23410403f1a3753"},{"metricsType":"CTA","language":null,"metricName":"Namespace","reference":"AWS.Logger.AspNetCore","solutionPath":"18ecc09836f012574d83dad9e8d3253a83dec5686a2e1809e23410403f1a3753"},{"metricsType":"CTA","language":null,"metricName":"Namespace","reference":"Microsoft.Extensions.DependencyInjection","solutionPath":"18ecc09836f012574d83dad9e8d3253a83dec5686a2e1809e23410403f1a3753"},{"metricsType":"CTA","language":null,"metricName":"Namespace","reference":"Microsoft.Extensions.Configuration.Json","solutionPath":"18ecc09836f012574d83dad9e8d3253a83dec5686a2e1809e23410403f1a3753"},{"metricsType":"CTA","language":null,"metricName":"Namespace","reference":"global::Microsoft.AspNetCore.Builder","solutionPath":"18ecc09836f012574d83dad9e8d3253a83dec5686a2e1809e23410403f1a3753"},{"metricsType":"CTA","language":null,"metricName":"Namespace","reference":"global::Microsoft.AspNetCore.Hosting","solutionPath":"18ecc09836f012574d83dad9e8d3253a83dec5686a2e1809e23410403f1a3753"},{"metricsType":"CTA","language":null,"metricName":"Namespace","reference":"global::Microsoft.AspNetCore.Http","solutionPath":"18ecc09836f012574d83dad9e8d3253a83dec5686a2e1809e23410403f1a3753"},{"metricsType":"CTA","language":null,"metricName":"Namespace","reference":"global::Microsoft.AspNetCore.Routing","solutionPath":"18ecc09836f012574d83dad9e8d3253a83dec5686a2e1809e23410403f1a3753"},{"metricsType":"CTA","language":null,"metricName":"Namespace","reference":"global::Microsoft.Extensions.Configuration","solutionPath":"18ecc09836f012574d83dad9e8d3253a83dec5686a2e1809e23410403f1a3753"},{"metricsType":"CTA","language":null,"metricName":"Namespace","reference":"global::Microsoft.Extensions.DependencyInjection","solutionPath":"18ecc09836f012574d83dad9e8d3253a83dec5686a2e1809e23410403f1a3753"},{"metricsType":"CTA","language":null,"metricName":"Namespace","reference":"global::Microsoft.Extensions.Hosting","solutionPath":"18ecc09836f012574d83dad9e8d3253a83dec5686a2e1809e23410403f1a3753"},{"metricsType":"CTA","language":null,"metricName":"Namespace","reference":"global::Microsoft.Extensions.Logging","solutionPath":"18ecc09836f012574d83dad9e8d3253a83dec5686a2e1809e23410403f1a3753"},{"metricsType":"CTA","language":null,"metricName":"Namespace","reference":"global::System","solutionPath":"18ecc09836f012574d83dad9e8d3253a83dec5686a2e1809e23410403f1a3753"},{"metricsType":"CTA","language":null,"metricName":"Namespace","reference":"global::System.Collections.Generic","solutionPath":"18ecc09836f012574d83dad9e8d3253a83dec5686a2e1809e23410403f1a3753"},{"metricsType":"CTA","language":null,"metricName":"Namespace","reference":"global::System.IO","solutionPath":"18ecc09836f012574d83dad9e8d3253a83dec5686a2e1809e23410403f1a3753"},{"metricsType":"CTA","language":null,"metricName":"Namespace","reference":"global::System.Linq","solutionPath":"18ecc09836f012574d83dad9e8d3253a83dec5686a2e1809e23410403f1a3753"},{"metricsType":"CTA","language":null,"metricName":"Namespace","reference":"global::System.Net.Http","solutionPath":"18ecc09836f012574d83dad9e8d3253a83dec5686a2e1809e23410403f1a3753"},{"metricsType":"CTA","language":null,"metricName":"Namespace","reference":"global::System.Net.Http.Json","solutionPath":"18ecc09836f012574d83dad9e8d3253a83dec5686a2e1809e23410403f1a3753"},{"metricsType":"CTA","language":null,"metricName":"Namespace","reference":"global::System.Threading","solutionPath":"18ecc09836f012574d83dad9e8d3253a83dec5686a2e1809e23410403f1a3753"},{"metricsType":"CTA","language":null,"metricName":"Namespace","reference":"global::System.Threading.Tasks","solutionPath":"18ecc09836f012574d83dad9e8d3253a83dec5686a2e1809e23410403f1a3753"},{"metricsType":"CTA","language":null,"metricName":"Namespace","reference":"System.Reflection","solutionPath":"18ecc09836f012574d83dad9e8d3253a83dec5686a2e1809e23410403f1a3753"},{"metricsType":"CTA","language":null,"metricName":"Namespace","reference":"project.all","solutionPath":"18ecc09836f012574d83dad9e8d3253a83dec5686a2e1809e23410403f1a3753"},{"metricsType":"CTA","language":null,"metricName":"Namespace","reference":"MLIntegration.Tests.Services","solutionPath":"18ecc09836f012574d83dad9e8d3253a83dec5686a2e1809e23410403f1a3753"},{"metricsType":"CTA","language":null,"metricName":"Namespace","reference":"Microsoft.VisualStudio.TestTools.UnitTesting","solutionPath":"18ecc09836f012574d83dad9e8d3253a83dec5686a2e1809e23410403f1a3753"},{"metricsType":"CTA","language":null,"metricName":"Namespace","reference":"MLIntegration.Tests","solutionPath":"18ecc09836f012574d83dad9e8d3253a83dec5686a2e1809e23410403f1a3753"},{"metricsType":"CTA","language":null,"metricName":"Namespace","reference":"<global namespace>","solutionPath":"18ecc09836f012574d83dad9e8d3253a83dec5686a2e1809e23410403f1a3753"},{"metricsType":"CTA","language":null,"metricName":"Namespace","reference":"Microsoft.VisualStudio.TestPlatform","solutionPath":"18ecc09836f012574d83dad9e8d3253a83dec5686a2e1809e23410403f1a3753"},{"metricsType":"CTA","language":null,"metricName":"Namespace","reference":"System.Text","solutionPath":"18ecc09836f012574d83dad9e8d3253a83dec5686a2e1809e23410403f1a3753"},{"metricsType":"CTA","language":null,"metricName":"Namespace","reference":"Cdk","solutionPath":"18ecc09836f012574d83dad9e8d3253a83dec5686a2e1809e23410403f1a3753"},{"metricsType":"CTA","language":null,"metricName":"Namespace","reference":"Amazon.CDK","solutionPath":"18ecc09836f012574d83dad9e8d3253a83dec5686a2e1809e23410403f1a3753"},{"metricsType":"CTA","language":null,"metricName":"Namespace","reference":"Constructs","solutionPath":"18ecc09836f012574d83dad9e8d3253a83dec5686a2e1809e23410403f1a3753"},{"metricsType":"CTA","language":null,"metricName":"Namespace","reference":"Amazon.CDK.AWS.S3","solutionPath":"18ecc09836f012574d83dad9e8d3253a83dec5686a2e1809e23410403f1a3753"},{"metricsType":"CTA","language":null,"metricName":"Namespace","reference":"Amazon.CDK.AWS.CloudFront","solutionPath":"18ecc09836f012574d83dad9e8d3253a83dec5686a2e1809e23410403f1a3753"},{"metricsType":"CTA","language":null,"metricName":"Namespace","reference":"Amazon.CDK.AWS.DynamoDB","solutionPath":"18ecc09836f012574d83dad9e8d3253a83dec5686a2e1809e23410403f1a3753"},{"metricsType":"CTA","language":null,"metricName":"Namespace","reference":"Amazon.CDK.AWS.IAM","solutionPath":"18ecc09836f012574d83dad9e8d3253a83dec5686a2e1809e23410403f1a3753"},{"metricsType":"CTA","language":null,"metricName":"Namespace","reference":"Amazon.CDK.AWS.SSM","solutionPath":"18ecc09836f012574d83dad9e8d3253a83dec5686a2e1809e23410403f1a3753"},{"metricsType":"CTA","language":null,"metricName":"Namespace","reference":"Amazon.CDK.AWS.CloudFront.Origins","solutionPath":"18ecc09836f012574d83dad9e8d3253a83dec5686a2e1809e23410403f1a3753"},{"metricsType":"CTA","language":null,"metricName":"RulesFile","downloadedFile":"project.all.json","solutionPath":"18ecc09836f012574d83dad9e8d3253a83dec5686a2e1809e23410403f1a3753"},{"metricsType":"CTA","language":"csharp","metricName":"TargetVersion","targetVersion":"net6.0","sourceVersion":"net48","solutionPath":"18ecc09836f012574d83dad9e8d3253a83dec5686a2e1809e23410403f1a3753","projectGuid":"5cf8ae34-a5e2-4a48-98fe-c3d47d30d2e9"},{"metricsType":"CTA","language":"csharp","metricName":"TargetVersion","targetVersion":"net6.0","sourceVersion":"net48","solutionPath":"18ecc09836f012574d83dad9e8d3253a83dec5686a2e1809e23410403f1a3753","projectGuid":"c3af5c6f-bffb-43ed-b699-193c36a218b3"},{"metricsType":"CTA","language":"csharp","metricName":"TargetVersion","targetVersion":"net6.0","sourceVersion":"net48","solutionPath":"18ecc09836f012574d83dad9e8d3253a83dec5686a2e1809e23410403f1a3753","projectGuid":"7e9f1760-51cc-4f9a-8dec-fb9bd5dc4f00"},{"metricsType":"CTA","language":"csharp","metricName":"TargetVersion","targetVersion":"net6.0","sourceVersion":"net48","solutionPath":"18ecc09836f012574d83dad9e8d3253a83dec5686a2e1809e23410403f1a3753","projectGuid":"5cf8ae34-a5e2-4a48-98fe-c3d47d30d2e9"},{"metricsType":"CTA","language":"csharp","metricName":"TargetVersion","targetVersion":"net6.0","sourceVersion":"net48","solutionPath":"18ecc09836f012574d83dad9e8d3253a83dec5686a2e1809e23410403f1a3753","projectGuid":"7e9f1760-51cc-4f9a-8dec-fb9bd5dc4f00"},{"metricsType":"CTA","language":"csharp","metricName":"TargetVersion","targetVersion":"net6.0","sourceVersion":"net48","solutionPath":"18ecc09836f012574d83dad9e8d3253a83dec5686a2e1809e23410403f1a3753","projectGuid":"c3af5c6f-bffb-43ed-b699-193c36a218b3"}]